CATEGORY,LINE_ITEM,ROW_TYPE,PERIOD,VALUE,SN
Transactional Revenue,ATM Fin & Non-Fin Revenue for Issuing Txn in Nepal (OFF US UPI Network),LINE,SHRAWAN_2082,75833.66,
Transactional Revenue,ATM Fin Txn Revenue for issuing Txn in Nepal (Off US Inside SCT Network),LINE,SHRAWAN_2082,125855.25,
Transactional Revenue,ATM Fin Txn Revenue for issuing Txn in Nepal (On US Inside SCT Network),LINE,SHRAWAN_2082,287320.0,
Transactional Revenue,ATM Non-Fin Txn Revenue for issuing Txn in Nepal (Off US Inside SCT Network),LINE,SHRAWAN_2082,8730.0,
Transactional Revenue,ATM Non-Fin Txn Revenue for issuing Txn in Nepal (On US Inside SCT Network),LINE,SHRAWAN_2082,24052.0,
Transactional Revenue,ATM Fin & Non-Fin Revenue for Issuing Txn in India (UPI Network),LINE,SHRAWAN_2082,10672.94,
Transactional Revenue,ATM Transaction Revenue from Aquiring Txn (UPI),LINE,SHRAWAN_2082,137657.86,
Transactional Revenue,POS Txn Revenue for issuing Txn in India (UPI Network),LINE,SHRAWAN_2082,8064.68,
Transactional Revenue,POS Txn Revenue for acquiring Txn (UPI),LINE,SHRAWAN_2082,3088.21,
Transactional Revenue,POS Txn Revenue - Global,LINE,SHRAWAN_2082,174651.71,
Transactional Revenue,POS Txn Revenue - Prabhu Bank,LINE,SHRAWAN_2082,1681.9,
Transactional Revenue,POS Txn Revenue - RBB,LINE,SHRAWAN_2082,3444.99,
Transactional Revenue,POS Txn Revenue - Kisan Microfinance,LINE,SHRAWAN_2082,0.0,
Transactional Revenue,POS Txn Revenue for issuing Txn in Nepal (UPI Network),LINE,SHRAWAN_2082,55597.11,
Subscription Fee,AMC Hardware,LINE,SHRAWAN_2082,4000.7209805335256,
Subscription Fee,Monthly Subscription Fee,LINE,SHRAWAN_2082,1292500.0,
Subscription Fee,Annual Subscription Fee (Excess of PY Issued Bill),LINE,SHRAWAN_2082,310985.0376229984,
Subscription Fee,Member Connectivity Fee,LINE,SHRAWAN_2082,66000.0,
Subscription Fee,UPI Connectivity Fee,LINE,SHRAWAN_2082,12389.38,
Other Expenses,Audit Expenses,LINE,SHRAWAN_2082,12385.0,
Other Expenses,Cleaning Expenses,LINE,SHRAWAN_2082,3762.0,
Other Expenses,Electric Expenses,LINE,SHRAWAN_2082,22674.08,
Other Expenses,Office Expenses,LINE,SHRAWAN_2082,6755.0,
Other Expenses,Registration and Renewal,LINE,SHRAWAN_2082,1000.0,
Other Expenses,Membership Fee Expenses - Fintech Alliance,LINE,SHRAWAN_2082,4166.666666666667,
Other Expenses,Membership Fee Expenses - PCI SSC,LINE,SHRAWAN_2082,20738.550418848165,
Other Expenses,Water Expenses,LINE,SHRAWAN_2082,0.0,
Other Expenses,Guest Refreshment,LINE,SHRAWAN_2082,600.0,
Other Expenses,Certification Expenses,LINE,SHRAWAN_2082,0.0,
Other Expenses,Vehicle Tax,LINE,SHRAWAN_2082,0.0,
Other Expenses,Miscellaneous Expenses,LINE,SHRAWAN_2082,0.8,
Other Expenses,Postage and Courier,LINE,SHRAWAN_2082,1550.0,
"Staff Expenses (Salary, Allowances, Provident Fund and Gratuity)",Mesh Allowance,LINE,SHRAWAN_2082,14800.0,
"Staff Expenses (Salary, Allowances, Provident Fund and Gratuity)",Dearness Allowance,LINE,SHRAWAN_2082,114925.8,
"Staff Expenses (Salary, Allowances, Provident Fund and Gratuity)",Dashain Allowance,LINE,SHRAWAN_2082,0.0,
"Staff Expenses (Salary, Allowances, Provident Fund and Gratuity)",Communication Allowance,LINE,SHRAWAN_2082,10500.0,
"Staff Expenses (Salary, Allowances, Provident Fund and Gratuity)",Other Allowance,LINE,SHRAWAN_2082,777446.77,
"Staff Expenses (Salary, Allowances, Provident Fund and Gratuity)",Performance Allowance,LINE,SHRAWAN_2082,101839.45,
"Staff Expenses (Salary, Allowances, Provident Fund and Gratuity)",CEO Performance Bonus,LINE,SHRAWAN_2082,0.0,
"Staff Expenses (Salary, Allowances, Provident Fund and Gratuity)",Technical Allowance,LINE,SHRAWAN_2082,75858.06,
"Staff Expenses (Salary, Allowances, Provident Fund and Gratuity)",Gratuity Expenses,LINE,SHRAWAN_2082,192116.17,
"Staff Expenses (Salary, Allowances, Provident Fund and Gratuity)",PF Contribution,LINE,SHRAWAN_2082,230631.66,
"Staff Expenses (Salary, Allowances, Provident Fund and Gratuity)",Third Party Hiring - Staffs,LINE,SHRAWAN_2082,110186.66,
"Staff Expenses (Salary, Allowances, Provident Fund and Gratuity)",Third Party Hiring - Outsourced for Project,LINE,SHRAWAN_2082,0.0,
"Staff Expenses (Salary, Allowances, Provident Fund and Gratuity)",Leave Fare Allownace,LINE,SHRAWAN_2082,0.0,
"Staff Expenses (Salary, Allowances, Provident Fund and Gratuity)",Stipend,LINE,SHRAWAN_2082,57419.34,
"Staff Expenses (Salary, Allowances, Provident Fund and Gratuity)",Others,LINE,SHRAWAN_2082,0.0,
"Staff Expenses (Salary, Allowances, Provident Fund and Gratuity)",Salary,LINE,SHRAWAN_2082,2306316.72,
Repair and Maintenance,R/M Computer,LINE,SHRAWAN_2082,5309.72,
Repair and Maintenance,R/M UPS,LINE,SHRAWAN_2082,18500.0,
Repair and Maintenance,R/M Office,LINE,SHRAWAN_2082,3400.0,
Repair and Maintenance,R/M Furniture & Fixture,LINE,SHRAWAN_2082,0.0,
Repair and Maintenance,R/M  Generator,LINE,SHRAWAN_2082,0.0,
Repair and Maintenance,R/M Vehicle,LINE,SHRAWAN_2082,0.0,
Repair and Maintenance,R/M Printer,LINE,SHRAWAN_2082,9450.0,
Repair and Maintenance,R/M Card Embossing Machine,LINE,SHRAWAN_2082,0.0,
Business Promotion Expenses,Diary with Logo Print and Pen Set,LINE,SHRAWAN_2082,91250.0,
Business Promotion Expenses,Test QR Soundbox import cost,LINE,SHRAWAN_2082,6444.2,
Business Promotion Expenses,"Ring Light, MIC and Gimbal",LINE,SHRAWAN_2082,5500.0,
Business Promotion Expenses,Photo Cake for Anniversary,LINE,SHRAWAN_2082,8025.0,
Business Promotion Expenses,Anniversary Lunch Expenses,LINE,SHRAWAN_2082,106784.99999999999,
Business Promotion Expenses,Others,LINE,SHRAWAN_2082,21633.0,
Business Promotion Expenses,"Ball Pen, Key Ring and Cup",LINE,SHRAWAN_2082,0.0,
Business Promotion Expenses,"Radio Advertisement Loose Ad, 60 Sec (Bhadra 18 to Ashoj 20 2082)",LINE,SHRAWAN_2082,0.0,
Business Promotion Expenses,Labim Mall Parking,LINE,SHRAWAN_2082,0.0,
Business Promotion Expenses,QR Board,LINE,SHRAWAN_2082,0.0,
Business Promotion Expenses,Ticket at ICT Award,LINE,SHRAWAN_2082,0.0,
Business Promotion Expenses,Rent Cost of Claw Machine,LINE,SHRAWAN_2082,0.0,
Business Promotion Expenses,Fintech Expo 2026 Participation Cost,LINE,SHRAWAN_2082,0.0,
Business Promotion Expenses,Campaign Cost,LINE,SHRAWAN_2082,0.0,
Printing and Stationery,Other Printing Materials,LINE,SHRAWAN_2082,25022.0,
Printing and Stationery,Purchase of Indent Ribbon,LINE,SHRAWAN_2082,100000.0,
Printing and Stationery,Less: Stock of Ribbon,LINE,SHRAWAN_2082,-100000.0,
AMC - Others,Generator,LINE,SHRAWAN_2082,679.4520547945206,
AMC - Others,Security Operation Center,LINE,SHRAWAN_2082,67391.303,
AMC - Others,AMC-Support of Cisco Catalyst Switches.,LINE,SHRAWAN_2082,20911.6253424658,
AMC - Others,Fortigate Firewall Rental Charges,LINE,SHRAWAN_2082,0.0,
One Timing Joing Fee,Close Loop Card -Kisan Bahuudeshya,LINE,SHRAWAN_2082,20000.0,
One Timing Joing Fee,Implementation Fee - Salapa Bikas Bank,LINE,SHRAWAN_2082,0.0,
One Timing Joing Fee,Bin Registration Fee - Salapa Bikas Bank,LINE,SHRAWAN_2082,0.0,
One Timing Joing Fee,Implementation Fee - Shangri-La Development Bank,LINE,SHRAWAN_2082,0.0,
One Timing Joing Fee,Bin Registration Fee - Shangri-La Development Bank,LINE,SHRAWAN_2082,0.0,
One Timing Joing Fee,Implementation Fee - Royal SACCOS,LINE,SHRAWAN_2082,0.0,
One Timing Joing Fee,Bin Registration Fee - Royal SACCOS,LINE,SHRAWAN_2082,0.0,
One Timing Joing Fee,Cooperative Risk Control Fee  - Royal SACCOS,LINE,SHRAWAN_2082,0.0,
ACS Services,Implementation Fee (ACS Service) - Global IME Bank,LINE,SHRAWAN_2082,0.0,
ACS Services,Monthly Fee - ACS Services - Global IME Bank,LINE,SHRAWAN_2082,0.0,
ACS Services,Implementation Fee (ACS Service) - Next Services,LINE,SHRAWAN_2082,0.0,
ACS Services,Monthly Fee - ACS Services - Next Services,LINE,SHRAWAN_2082,0.0,
Other Income,Discount on Advance House Rent Tax payment,LINE,SHRAWAN_2082,0.0,
Other Income,Miscellaneous Income,LINE,SHRAWAN_2082,0.0,
Other Income,Other Income,LINE,SHRAWAN_2082,0.0,
Other Income,Green PIN Fee,LINE,SHRAWAN_2082,0.0,
Other Income,License Fee - API Suite - Global IME Bank,LINE,SHRAWAN_2082,0.0,
Transactional Revenue,ATM Fin & Non-Fin Revenue for Issuing Txn in Nepal (OFF US UPI Network),LINE,BHADRA_2082,73503.28,
Transactional Revenue,ATM Fin Txn Revenue for issuing Txn in Nepal (Off US Inside SCT Network),LINE,BHADRA_2082,137352.75,
Transactional Revenue,ATM Fin Txn Revenue for issuing Txn in Nepal (On US Inside SCT Network),LINE,BHADRA_2082,273336.0,
Transactional Revenue,ATM Non-Fin Txn Revenue for issuing Txn in Nepal (Off US Inside SCT Network),LINE,BHADRA_2082,1968.0,
Transactional Revenue,ATM Non-Fin Txn Revenue for issuing Txn in Nepal (On US Inside SCT Network),LINE,BHADRA_2082,22448.0,
Transactional Revenue,ATM Fin & Non-Fin Revenue for Issuing Txn in India (UPI Network),LINE,BHADRA_2082,9973.72,
Transactional Revenue,ATM Transaction Revenue from Aquiring Txn (UPI),LINE,BHADRA_2082,108746.95000000001,
Transactional Revenue,POS Txn Revenue for issuing Txn in India (UPI Network),LINE,BHADRA_2082,7721.51,
Transactional Revenue,POS Txn Revenue for acquiring Txn (UPI),LINE,BHADRA_2082,5429.070000000001,
Transactional Revenue,POS Txn Revenue - Global,LINE,BHADRA_2082,163392.44999999998,
Transactional Revenue,POS Txn Revenue - Prabhu Bank,LINE,BHADRA_2082,1494.31,
Transactional Revenue,POS Txn Revenue - RBB,LINE,BHADRA_2082,2701.13,
Transactional Revenue,POS Txn Revenue - Kisan Microfinance,LINE,BHADRA_2082,0.0,
Transactional Revenue,POS Txn Revenue for issuing Txn in Nepal (UPI Network),LINE,BHADRA_2082,52404.28999999999,
Subscription Fee,AMC Hardware,LINE,BHADRA_2082,4000.7209805335256,
Subscription Fee,Monthly Subscription Fee,LINE,BHADRA_2082,990625.004657534,
Subscription Fee,Annual Subscription Fee (Excess of PY Issued Bill),LINE,BHADRA_2082,289478.18830792984,
Subscription Fee,Member Connectivity Fee,LINE,BHADRA_2082,66000.0,
Subscription Fee,UPI Connectivity Fee,LINE,BHADRA_2082,11946.9,
Other Expenses,Audit Expenses,LINE,BHADRA_2082,2460.0,
Other Expenses,Cleaning Expenses,LINE,BHADRA_2082,5224.82,
Other Expenses,Electric Expenses,LINE,BHADRA_2082,23761.05,
Other Expenses,Office Expenses,LINE,BHADRA_2082,13885.0,
Other Expenses,Registration and Renewal,LINE,BHADRA_2082,0.0,
Other Expenses,Membership Fee Expenses - Fintech Alliance,LINE,BHADRA_2082,4166.666666666667,
Other Expenses,Membership Fee Expenses - PCI SSC,LINE,BHADRA_2082,20738.550418848165,
Other Expenses,Water Expenses,LINE,BHADRA_2082,0.0,
Other Expenses,Guest Refreshment,LINE,BHADRA_2082,0.0,
Other Expenses,Certification Expenses,LINE,BHADRA_2082,0.0,
Other Expenses,Vehicle Tax,LINE,BHADRA_2082,0.0,
Other Expenses,Miscellaneous Expenses,LINE,BHADRA_2082,106.09,
Other Expenses,Postage and Courier,LINE,BHADRA_2082,7845.0,
"Staff Expenses (Salary, Allowances, Provident Fund and Gratuity)",Mesh Allowance,LINE,BHADRA_2082,42800.0,
"Staff Expenses (Salary, Allowances, Provident Fund and Gratuity)",Dearness Allowance,LINE,BHADRA_2082,115474.82999999999,
"Staff Expenses (Salary, Allowances, Provident Fund and Gratuity)",Dashain Allowance,LINE,BHADRA_2082,0.0,
"Staff Expenses (Salary, Allowances, Provident Fund and Gratuity)",Communication Allowance,LINE,BHADRA_2082,10483.87,
"Staff Expenses (Salary, Allowances, Provident Fund and Gratuity)",Other Allowance,LINE,BHADRA_2082,780185.4900000001,
"Staff Expenses (Salary, Allowances, Provident Fund and Gratuity)",Performance Allowance,LINE,BHADRA_2082,95920.1,
"Staff Expenses (Salary, Allowances, Provident Fund and Gratuity)",CEO Performance Bonus,LINE,BHADRA_2082,0.0,
"Staff Expenses (Salary, Allowances, Provident Fund and Gratuity)",Technical Allowance,LINE,BHADRA_2082,68000.0,
"Staff Expenses (Salary, Allowances, Provident Fund and Gratuity)",Gratuity Expenses,LINE,BHADRA_2082,196011.76,
"Staff Expenses (Salary, Allowances, Provident Fund and Gratuity)",PF Contribution,LINE,BHADRA_2082,235308.23999999996,
"Staff Expenses (Salary, Allowances, Provident Fund and Gratuity)",Third Party Hiring - Staffs,LINE,BHADRA_2082,82639.995,
"Staff Expenses (Salary, Allowances, Provident Fund and Gratuity)",Third Party Hiring - Outsourced for Project,LINE,BHADRA_2082,0.0,
"Staff Expenses (Salary, Allowances, Provident Fund and Gratuity)",Leave Fare Allownace,LINE,BHADRA_2082,0.0,
"Staff Expenses (Salary, Allowances, Provident Fund and Gratuity)",Stipend,LINE,BHADRA_2082,71612.9,
"Staff Expenses (Salary, Allowances, Provident Fund and Gratuity)",Others,LINE,BHADRA_2082,0.0,
"Staff Expenses (Salary, Allowances, Provident Fund and Gratuity)",Salary,LINE,BHADRA_2082,2353082.16,
Repair and Maintenance,R/M Computer,LINE,BHADRA_2082,0.0,
Repair and Maintenance,R/M UPS,LINE,BHADRA_2082,0.0,
Repair and Maintenance,R/M Office,LINE,BHADRA_2082,0.0,
Repair and Maintenance,R/M Furniture & Fixture,LINE,BHADRA_2082,0.0,
Repair and Maintenance,R/M  Generator,LINE,BHADRA_2082,0.0,
Repair and Maintenance,R/M Vehicle,LINE,BHADRA_2082,0.0,
Repair and Maintenance,R/M Printer,LINE,BHADRA_2082,0.0,
Repair and Maintenance,R/M Card Embossing Machine,LINE,BHADRA_2082,55150.0,
Business Promotion Expenses,Diary with Logo Print and Pen Set,LINE,BHADRA_2082,0.0,
Business Promotion Expenses,Test QR Soundbox import cost,LINE,BHADRA_2082,0.0,
Business Promotion Expenses,"Ring Light, MIC and Gimbal",LINE,BHADRA_2082,0.0,
Business Promotion Expenses,Photo Cake for Anniversary,LINE,BHADRA_2082,0.0,
Business Promotion Expenses,Anniversary Lunch Expenses,LINE,BHADRA_2082,0.0,
Business Promotion Expenses,Others,LINE,BHADRA_2082,2200.0,
Business Promotion Expenses,"Ball Pen, Key Ring and Cup",LINE,BHADRA_2082,0.0,
Business Promotion Expenses,"Radio Advertisement Loose Ad, 60 Sec (Bhadra 18 to Ashoj 20 2082)",LINE,BHADRA_2082,0.0,
Business Promotion Expenses,Labim Mall Parking,LINE,BHADRA_2082,0.0,
Business Promotion Expenses,QR Board,LINE,BHADRA_2082,0.0,
Business Promotion Expenses,Ticket at ICT Award,LINE,BHADRA_2082,0.0,
Business Promotion Expenses,Rent Cost of Claw Machine,LINE,BHADRA_2082,0.0,
Business Promotion Expenses,Fintech Expo 2026 Participation Cost,LINE,BHADRA_2082,0.0,
Business Promotion Expenses,Campaign Cost,LINE,BHADRA_2082,0.0,
Printing and Stationery,Other Printing Materials,LINE,BHADRA_2082,0.0,
Printing and Stationery,Purchase of Indent Ribbon,LINE,BHADRA_2082,0.0,
Printing and Stationery,Less: Stock of Ribbon,LINE,BHADRA_2082,8333.333333333334,
AMC - Others,Generator,LINE,BHADRA_2082,679.4520547945206,
AMC - Others,Security Operation Center,LINE,BHADRA_2082,67391.303,
AMC - Others,AMC-Support of Cisco Catalyst Switches.,LINE,BHADRA_2082,0.0,
AMC - Others,Fortigate Firewall Rental Charges,LINE,BHADRA_2082,0.0,
One Timing Joing Fee,Close Loop Card -Kisan Bahuudeshya,LINE,BHADRA_2082,0.0,
One Timing Joing Fee,Implementation Fee - Salapa Bikas Bank,LINE,BHADRA_2082,150000.0,
One Timing Joing Fee,Bin Registration Fee - Salapa Bikas Bank,LINE,BHADRA_2082,25000.0,
One Timing Joing Fee,Implementation Fee - Shangri-La Development Bank,LINE,BHADRA_2082,0.0,
One Timing Joing Fee,Bin Registration Fee - Shangri-La Development Bank,LINE,BHADRA_2082,0.0,
One Timing Joing Fee,Implementation Fee - Royal SACCOS,LINE,BHADRA_2082,0.0,
One Timing Joing Fee,Bin Registration Fee - Royal SACCOS,LINE,BHADRA_2082,0.0,
One Timing Joing Fee,Cooperative Risk Control Fee  - Royal SACCOS,LINE,BHADRA_2082,0.0,
ACS Services,Implementation Fee (ACS Service) - Global IME Bank,LINE,BHADRA_2082,0.0,
ACS Services,Monthly Fee - ACS Services - Global IME Bank,LINE,BHADRA_2082,0.0,
ACS Services,Implementation Fee (ACS Service) - Next Services,LINE,BHADRA_2082,0.0,
ACS Services,Monthly Fee - ACS Services - Next Services,LINE,BHADRA_2082,0.0,
Other Income,Discount on Advance House Rent Tax payment,LINE,BHADRA_2082,0.0,
Other Income,Miscellaneous Income,LINE,BHADRA_2082,10.0,
Other Income,Other Income,LINE,BHADRA_2082,65000.0,
Other Income,Green PIN Fee,LINE,BHADRA_2082,260935.0,
Other Income,License Fee - API Suite - Global IME Bank,LINE,BHADRA_2082,0.0,
Transactional Revenue,ATM Fin & Non-Fin Revenue for Issuing Txn in Nepal (OFF US UPI Network),LINE,ASHWIN_2082,68142.72566371682,
Transactional Revenue,ATM Fin Txn Revenue for issuing Txn in Nepal (Off US Inside SCT Network),LINE,ASHWIN_2082,140962.61061946905,
Transactional Revenue,ATM Fin Txn Revenue for issuing Txn in Nepal (On US Inside SCT Network),LINE,ASHWIN_2082,254704.42477876108,
Transactional Revenue,ATM Non-Fin Txn Revenue for issuing Txn in Nepal (Off US Inside SCT Network),LINE,ASHWIN_2082,15326.548672566372,
Transactional Revenue,ATM Non-Fin Txn Revenue for issuing Txn in Nepal (On US Inside SCT Network),LINE,ASHWIN_2082,23077.876106194693,
Transactional Revenue,ATM Fin & Non-Fin Revenue for Issuing Txn in India (UPI Network),LINE,ASHWIN_2082,7905.380530973455,
Transactional Revenue,ATM Transaction Revenue from Aquiring Txn (UPI),LINE,ASHWIN_2082,143168.5132743363,
Transactional Revenue,POS Txn Revenue for issuing Txn in India (UPI Network),LINE,ASHWIN_2082,8368.628318584073,
Transactional Revenue,POS Txn Revenue for acquiring Txn (UPI),LINE,ASHWIN_2082,2511.0176991150443,
Transactional Revenue,POS Txn Revenue - Global,LINE,ASHWIN_2082,152940.5663716815,
Transactional Revenue,POS Txn Revenue - Prabhu Bank,LINE,ASHWIN_2082,1445.0265486725666,
Transactional Revenue,POS Txn Revenue - RBB,LINE,ASHWIN_2082,2015.7345132743362,
Transactional Revenue,POS Txn Revenue - Kisan Microfinance,LINE,ASHWIN_2082,160.46017699115046,
Transactional Revenue,POS Txn Revenue for issuing Txn in Nepal (UPI Network),LINE,ASHWIN_2082,50789.752212389394,
Subscription Fee,AMC Hardware,LINE,ASHWIN_2082,2547.945205479452,
Subscription Fee,Monthly Subscription Fee,LINE,ASHWIN_2082,1027499.995342466,
Subscription Fee,Annual Subscription Fee (Excess of PY Issued Bill),LINE,ASHWIN_2082,232902.84584217638,
Subscription Fee,Member Connectivity Fee,LINE,ASHWIN_2082,66000.0,
Subscription Fee,UPI Connectivity Fee,LINE,ASHWIN_2082,10619.470000000003,
Other Expenses,Audit Expenses,LINE,ASHWIN_2082,12713.990000000002,
Other Expenses,Cleaning Expenses,LINE,ASHWIN_2082,3500.0,
Other Expenses,Electric Expenses,LINE,ASHWIN_2082,13053.09,
Other Expenses,Office Expenses,LINE,ASHWIN_2082,38704.13,
Other Expenses,Registration and Renewal,LINE,ASHWIN_2082,0.0,
Other Expenses,Membership Fee Expenses - Fintech Alliance,LINE,ASHWIN_2082,4166.666666666667,
Other Expenses,Membership Fee Expenses - PCI SSC,LINE,ASHWIN_2082,20738.550418848165,
Other Expenses,Water Expenses,LINE,ASHWIN_2082,7440.0,
Other Expenses,Guest Refreshment,LINE,ASHWIN_2082,1153.0,
Other Expenses,Certification Expenses,LINE,ASHWIN_2082,0.0,
Other Expenses,Vehicle Tax,LINE,ASHWIN_2082,0.0,
Other Expenses,Miscellaneous Expenses,LINE,ASHWIN_2082,1.2399999999999949,
Other Expenses,Postage and Courier,LINE,ASHWIN_2082,0.0,
"Staff Expenses (Salary, Allowances, Provident Fund and Gratuity)",Mesh Allowance,LINE,ASHWIN_2082,35600.0,
"Staff Expenses (Salary, Allowances, Provident Fund and Gratuity)",Dearness Allowance,LINE,ASHWIN_2082,113434.51,
"Staff Expenses (Salary, Allowances, Provident Fund and Gratuity)",Dashain Allowance,LINE,ASHWIN_2082,1914095.77,
"Staff Expenses (Salary, Allowances, Provident Fund and Gratuity)",Communication Allowance,LINE,ASHWIN_2082,11000.0,
"Staff Expenses (Salary, Allowances, Provident Fund and Gratuity)",Other Allowance,LINE,ASHWIN_2082,782624.19,
"Staff Expenses (Salary, Allowances, Provident Fund and Gratuity)",Performance Allowance,LINE,ASHWIN_2082,96033.0,
"Staff Expenses (Salary, Allowances, Provident Fund and Gratuity)",CEO Performance Bonus,LINE,ASHWIN_2082,1000000.0,
"Staff Expenses (Salary, Allowances, Provident Fund and Gratuity)",Technical Allowance,LINE,ASHWIN_2082,68000.0,
"Staff Expenses (Salary, Allowances, Provident Fund and Gratuity)",Gratuity Expenses,LINE,ASHWIN_2082,193693.33,
"Staff Expenses (Salary, Allowances, Provident Fund and Gratuity)",PF Contribution,LINE,ASHWIN_2082,232525.0,
"Staff Expenses (Salary, Allowances, Provident Fund and Gratuity)",Third Party Hiring - Staffs,LINE,ASHWIN_2082,84050.14499999999,
"Staff Expenses (Salary, Allowances, Provident Fund and Gratuity)",Third Party Hiring - Outsourced for Project,LINE,ASHWIN_2082,0.0,
"Staff Expenses (Salary, Allowances, Provident Fund and Gratuity)",Leave Fare Allownace,LINE,ASHWIN_2082,0.0,
"Staff Expenses (Salary, Allowances, Provident Fund and Gratuity)",Stipend,LINE,ASHWIN_2082,75161.29,
"Staff Expenses (Salary, Allowances, Provident Fund and Gratuity)",Others,LINE,ASHWIN_2082,86377.5,
"Staff Expenses (Salary, Allowances, Provident Fund and Gratuity)",Salary,LINE,ASHWIN_2082,2340066.26,
Repair and Maintenance,R/M Computer,LINE,ASHWIN_2082,0.0,
Repair and Maintenance,R/M UPS,LINE,ASHWIN_2082,0.0,
Repair and Maintenance,R/M Office,LINE,ASHWIN_2082,0.0,
Repair and Maintenance,R/M Furniture & Fixture,LINE,ASHWIN_2082,7156.63,
Repair and Maintenance,R/M  Generator,LINE,ASHWIN_2082,0.0,
Repair and Maintenance,R/M Vehicle,LINE,ASHWIN_2082,0.0,
Repair and Maintenance,R/M Printer,LINE,ASHWIN_2082,2600.0,
Repair and Maintenance,R/M Card Embossing Machine,LINE,ASHWIN_2082,0.0,
Business Promotion Expenses,Diary with Logo Print and Pen Set,LINE,ASHWIN_2082,0.0,
Business Promotion Expenses,Test QR Soundbox import cost,LINE,ASHWIN_2082,0.0,
Business Promotion Expenses,"Ring Light, MIC and Gimbal",LINE,ASHWIN_2082,0.0,
Business Promotion Expenses,Photo Cake for Anniversary,LINE,ASHWIN_2082,0.0,
Business Promotion Expenses,Anniversary Lunch Expenses,LINE,ASHWIN_2082,0.0,
Business Promotion Expenses,Others,LINE,ASHWIN_2082,81944.0,
Business Promotion Expenses,"Ball Pen, Key Ring and Cup",LINE,ASHWIN_2082,160125.0,
Business Promotion Expenses,"Radio Advertisement Loose Ad, 60 Sec (Bhadra 18 to Ashoj 20 2082)",LINE,ASHWIN_2082,0.0,
Business Promotion Expenses,Labim Mall Parking,LINE,ASHWIN_2082,0.0,
Business Promotion Expenses,QR Board,LINE,ASHWIN_2082,0.0,
Business Promotion Expenses,Ticket at ICT Award,LINE,ASHWIN_2082,0.0,
Business Promotion Expenses,Rent Cost of Claw Machine,LINE,ASHWIN_2082,0.0,
Business Promotion Expenses,Fintech Expo 2026 Participation Cost,LINE,ASHWIN_2082,0.0,
Business Promotion Expenses,Campaign Cost,LINE,ASHWIN_2082,0.0,
Printing and Stationery,Other Printing Materials,LINE,ASHWIN_2082,0.0,
Printing and Stationery,Purchase of Indent Ribbon,LINE,ASHWIN_2082,0.0,
Printing and Stationery,Less: Stock of Ribbon,LINE,ASHWIN_2082,12500.0,
AMC - Others,Generator,LINE,ASHWIN_2082,679.4520547945206,
AMC - Others,Security Operation Center,LINE,ASHWIN_2082,67391.303,
AMC - Others,AMC-Support of Cisco Catalyst Switches.,LINE,ASHWIN_2082,0.0,
AMC - Others,Fortigate Firewall Rental Charges,LINE,ASHWIN_2082,0.0,
One Timing Joing Fee,Close Loop Card -Kisan Bahuudeshya,LINE,ASHWIN_2082,0.0,
One Timing Joing Fee,Implementation Fee - Salapa Bikas Bank,LINE,ASHWIN_2082,0.0,
One Timing Joing Fee,Bin Registration Fee - Salapa Bikas Bank,LINE,ASHWIN_2082,0.0,
One Timing Joing Fee,Implementation Fee - Shangri-La Development Bank,LINE,ASHWIN_2082,150000.0,
One Timing Joing Fee,Bin Registration Fee - Shangri-La Development Bank,LINE,ASHWIN_2082,25000.0,
One Timing Joing Fee,Implementation Fee - Royal SACCOS,LINE,ASHWIN_2082,0.0,
One Timing Joing Fee,Bin Registration Fee - Royal SACCOS,LINE,ASHWIN_2082,0.0,
One Timing Joing Fee,Cooperative Risk Control Fee  - Royal SACCOS,LINE,ASHWIN_2082,0.0,
ACS Services,Implementation Fee (ACS Service) - Global IME Bank,LINE,ASHWIN_2082,0.0,
ACS Services,Monthly Fee - ACS Services - Global IME Bank,LINE,ASHWIN_2082,0.0,
ACS Services,Implementation Fee (ACS Service) - Next Services,LINE,ASHWIN_2082,0.0,
ACS Services,Monthly Fee - ACS Services - Next Services,LINE,ASHWIN_2082,0.0,
Other Income,Discount on Advance House Rent Tax payment,LINE,ASHWIN_2082,0.0,
Other Income,Miscellaneous Income,LINE,ASHWIN_2082,0.0,
Other Income,Other Income,LINE,ASHWIN_2082,0.0,
Other Income,Green PIN Fee,LINE,ASHWIN_2082,57275.659999999974,
Other Income,License Fee - API Suite - Global IME Bank,LINE,ASHWIN_2082,0.0,
Transactional Revenue,ATM Fin & Non-Fin Revenue for Issuing Txn in Nepal (OFF US UPI Network),LINE,KARTIK_2082,73758.8219999903,
Transactional Revenue,ATM Fin Txn Revenue for issuing Txn in Nepal (Off US Inside SCT Network),LINE,KARTIK_2082,151304.5,
Transactional Revenue,ATM Fin Txn Revenue for issuing Txn in Nepal (On US Inside SCT Network),LINE,KARTIK_2082,252532.0,
Transactional Revenue,ATM Non-Fin Txn Revenue for issuing Txn in Nepal (Off US Inside SCT Network),LINE,KARTIK_2082,9916.0,
Transactional Revenue,ATM Non-Fin Txn Revenue for issuing Txn in Nepal (On US Inside SCT Network),LINE,KARTIK_2082,23390.0,
Transactional Revenue,ATM Fin & Non-Fin Revenue for Issuing Txn in India (UPI Network),LINE,KARTIK_2082,9530.111600000006,
Transactional Revenue,ATM Transaction Revenue from Aquiring Txn (UPI),LINE,KARTIK_2082,174849.18349999998,
Transactional Revenue,POS Txn Revenue for issuing Txn in India (UPI Network),LINE,KARTIK_2082,7377.1633999999995,
Transactional Revenue,POS Txn Revenue for acquiring Txn (UPI),LINE,KARTIK_2082,179243.2794,
Transactional Revenue,POS Txn Revenue - Global,LINE,KARTIK_2082,156996.97,
Transactional Revenue,POS Txn Revenue - Prabhu Bank,LINE,KARTIK_2082,769.8,
Transactional Revenue,POS Txn Revenue - RBB,LINE,KARTIK_2082,1967.44,
Transactional Revenue,POS Txn Revenue - Kisan Microfinance,LINE,KARTIK_2082,352.92,
Transactional Revenue,POS Txn Revenue for issuing Txn in Nepal (UPI Network),LINE,KARTIK_2082,55204.9727999999,
Subscription Fee,AMC Hardware,LINE,KARTIK_2082,2465.753424657534,
Subscription Fee,Monthly Subscription Fee,LINE,KARTIK_2082,1070166.6746575339,
Subscription Fee,Annual Subscription Fee (Excess of PY Issued Bill),LINE,KARTIK_2082,172449.06424850476,
Subscription Fee,Member Connectivity Fee,LINE,KARTIK_2082,61000.0,
Subscription Fee,UPI Connectivity Fee,LINE,KARTIK_2082,10619.470000000001,
Other Expenses,Audit Expenses,LINE,KARTIK_2082,0.0,
Other Expenses,Cleaning Expenses,LINE,KARTIK_2082,5606.6,
Other Expenses,Electric Expenses,LINE,KARTIK_2082,16291.5,
Other Expenses,Office Expenses,LINE,KARTIK_2082,5690.360000000001,
Other Expenses,Registration and Renewal,LINE,KARTIK_2082,18000.0,
Other Expenses,Membership Fee Expenses - Fintech Alliance,LINE,KARTIK_2082,4166.666666666667,
Other Expenses,Membership Fee Expenses - PCI SSC,LINE,KARTIK_2082,20738.550418848165,
Other Expenses,Water Expenses,LINE,KARTIK_2082,0.0,
Other Expenses,Guest Refreshment,LINE,KARTIK_2082,32850.18,
Other Expenses,Certification Expenses,LINE,KARTIK_2082,0.0,
Other Expenses,Vehicle Tax,LINE,KARTIK_2082,0.0,
Other Expenses,Miscellaneous Expenses,LINE,KARTIK_2082,3.3200000000000074,
Other Expenses,Postage and Courier,LINE,KARTIK_2082,0.0,
"Staff Expenses (Salary, Allowances, Provident Fund and Gratuity)",Mesh Allowance,LINE,KARTIK_2082,38400.0,
"Staff Expenses (Salary, Allowances, Provident Fund and Gratuity)",Dearness Allowance,LINE,KARTIK_2082,117246.33,
"Staff Expenses (Salary, Allowances, Provident Fund and Gratuity)",Dashain Allowance,LINE,KARTIK_2082,0.0,
"Staff Expenses (Salary, Allowances, Provident Fund and Gratuity)",Communication Allowance,LINE,KARTIK_2082,11000.0,
"Staff Expenses (Salary, Allowances, Provident Fund and Gratuity)",Other Allowance,LINE,KARTIK_2082,781450.0,
"Staff Expenses (Salary, Allowances, Provident Fund and Gratuity)",Performance Allowance,LINE,KARTIK_2082,96033.0,
"Staff Expenses (Salary, Allowances, Provident Fund and Gratuity)",CEO Performance Bonus,LINE,KARTIK_2082,0.0,
"Staff Expenses (Salary, Allowances, Provident Fund and Gratuity)",Technical Allowance,LINE,KARTIK_2082,68000.0,
"Staff Expenses (Salary, Allowances, Provident Fund and Gratuity)",Gratuity Expenses,LINE,KARTIK_2082,194618.5,
"Staff Expenses (Salary, Allowances, Provident Fund and Gratuity)",PF Contribution,LINE,KARTIK_2082,233635.66,
"Staff Expenses (Salary, Allowances, Provident Fund and Gratuity)",Third Party Hiring - Staffs,LINE,KARTIK_2082,61729.5,
"Staff Expenses (Salary, Allowances, Provident Fund and Gratuity)",Third Party Hiring - Outsourced for Project,LINE,KARTIK_2082,0.0,
"Staff Expenses (Salary, Allowances, Provident Fund and Gratuity)",Leave Fare Allownace,LINE,KARTIK_2082,0.0,
"Staff Expenses (Salary, Allowances, Provident Fund and Gratuity)",Stipend,LINE,KARTIK_2082,71935.48,
"Staff Expenses (Salary, Allowances, Provident Fund and Gratuity)",Others,LINE,KARTIK_2082,42792.5,
"Staff Expenses (Salary, Allowances, Provident Fund and Gratuity)",Salary,LINE,KARTIK_2082,2336356.51,
Repair and Maintenance,R/M Computer,LINE,KARTIK_2082,0.0,
Repair and Maintenance,R/M UPS,LINE,KARTIK_2082,2000.0,
Repair and Maintenance,R/M Office,LINE,KARTIK_2082,3400.0,
Repair and Maintenance,R/M Furniture & Fixture,LINE,KARTIK_2082,0.0,
Repair and Maintenance,R/M  Generator,LINE,KARTIK_2082,0.0,
Repair and Maintenance,R/M Vehicle,LINE,KARTIK_2082,76775.0,
Repair and Maintenance,R/M Printer,LINE,KARTIK_2082,4750.0,
Repair and Maintenance,R/M Card Embossing Machine,LINE,KARTIK_2082,0.0,
Business Promotion Expenses,Diary with Logo Print and Pen Set,LINE,KARTIK_2082,0.0,
Business Promotion Expenses,Test QR Soundbox import cost,LINE,KARTIK_2082,0.0,
Business Promotion Expenses,"Ring Light, MIC and Gimbal",LINE,KARTIK_2082,0.0,
Business Promotion Expenses,Photo Cake for Anniversary,LINE,KARTIK_2082,0.0,
Business Promotion Expenses,Anniversary Lunch Expenses,LINE,KARTIK_2082,0.0,
Business Promotion Expenses,Others,LINE,KARTIK_2082,0.0,
Business Promotion Expenses,"Ball Pen, Key Ring and Cup",LINE,KARTIK_2082,0.0,
Business Promotion Expenses,"Radio Advertisement Loose Ad, 60 Sec (Bhadra 18 to Ashoj 20 2082)",LINE,KARTIK_2082,0.0,
Business Promotion Expenses,Labim Mall Parking,LINE,KARTIK_2082,0.0,
Business Promotion Expenses,QR Board,LINE,KARTIK_2082,0.0,
Business Promotion Expenses,Ticket at ICT Award,LINE,KARTIK_2082,0.0,
Business Promotion Expenses,Rent Cost of Claw Machine,LINE,KARTIK_2082,0.0,
Business Promotion Expenses,Fintech Expo 2026 Participation Cost,LINE,KARTIK_2082,0.0,
Business Promotion Expenses,Campaign Cost,LINE,KARTIK_2082,0.0,
Printing and Stationery,Other Printing Materials,LINE,KARTIK_2082,0.0,
Printing and Stationery,Purchase of Indent Ribbon,LINE,KARTIK_2082,0.0,
Printing and Stationery,Less: Stock of Ribbon,LINE,KARTIK_2082,37500.0,
AMC - Others,Generator,LINE,KARTIK_2082,679.4520547945206,
AMC - Others,Security Operation Center,LINE,KARTIK_2082,67391.303,
AMC - Others,AMC-Support of Cisco Catalyst Switches.,LINE,KARTIK_2082,0.0,
AMC - Others,Fortigate Firewall Rental Charges,LINE,KARTIK_2082,0.0,
One Timing Joing Fee,Close Loop Card -Kisan Bahuudeshya,LINE,KARTIK_2082,0.0,
One Timing Joing Fee,Implementation Fee - Salapa Bikas Bank,LINE,KARTIK_2082,0.0,
One Timing Joing Fee,Bin Registration Fee - Salapa Bikas Bank,LINE,KARTIK_2082,0.0,
One Timing Joing Fee,Implementation Fee - Shangri-La Development Bank,LINE,KARTIK_2082,0.0,
One Timing Joing Fee,Bin Registration Fee - Shangri-La Development Bank,LINE,KARTIK_2082,0.0,
One Timing Joing Fee,Implementation Fee - Royal SACCOS,LINE,KARTIK_2082,100000.0,
One Timing Joing Fee,Bin Registration Fee - Royal SACCOS,LINE,KARTIK_2082,15000.0,
One Timing Joing Fee,Cooperative Risk Control Fee  - Royal SACCOS,LINE,KARTIK_2082,10000.0,
ACS Services,Implementation Fee (ACS Service) - Global IME Bank,LINE,KARTIK_2082,500000.0,
ACS Services,Monthly Fee - ACS Services - Global IME Bank,LINE,KARTIK_2082,165000.0,
ACS Services,Implementation Fee (ACS Service) - Next Services,LINE,KARTIK_2082,320000.0,
ACS Services,Monthly Fee - ACS Services - Next Services,LINE,KARTIK_2082,137500.0,
Other Income,Discount on Advance House Rent Tax payment,LINE,KARTIK_2082,36637.72,
Other Income,Miscellaneous Income,LINE,KARTIK_2082,66.1,
Other Income,Other Income,LINE,KARTIK_2082,0.0,
Other Income,Green PIN Fee,LINE,KARTIK_2082,51350.0,
Other Income,License Fee - API Suite - Global IME Bank,LINE,KARTIK_2082,900000.0,
Transactional Revenue,ATM Fin & Non-Fin Revenue for Issuing Txn in Nepal (OFF US UPI Network),LINE,MANGSIR_2082,81134.70419998933,
Transactional Revenue,ATM Fin Txn Revenue for issuing Txn in Nepal (Off US Inside SCT Network),LINE,MANGSIR_2082,166434.95,
Transactional Revenue,ATM Fin Txn Revenue for issuing Txn in Nepal (On US Inside SCT Network),LINE,MANGSIR_2082,277785.2,
Transactional Revenue,ATM Non-Fin Txn Revenue for issuing Txn in Nepal (Off US Inside SCT Network),LINE,MANGSIR_2082,10907.6,
Transactional Revenue,ATM Non-Fin Txn Revenue for issuing Txn in Nepal (On US Inside SCT Network),LINE,MANGSIR_2082,25729.000000000004,
Transactional Revenue,ATM Fin & Non-Fin Revenue for Issuing Txn in India (UPI Network),LINE,MANGSIR_2082,10483.122760000007,
Transactional Revenue,ATM Transaction Revenue from Aquiring Txn (UPI),LINE,MANGSIR_2082,192334.10185,
Transactional Revenue,POS Txn Revenue for issuing Txn in India (UPI Network),LINE,MANGSIR_2082,8114.87974,
Transactional Revenue,POS Txn Revenue for acquiring Txn (UPI),LINE,MANGSIR_2082,197167.60734000002,
Transactional Revenue,POS Txn Revenue - Global,LINE,MANGSIR_2082,172696.66700000002,
Transactional Revenue,POS Txn Revenue - Prabhu Bank,LINE,MANGSIR_2082,846.78,
Transactional Revenue,POS Txn Revenue - RBB,LINE,MANGSIR_2082,2164.184,
Transactional Revenue,POS Txn Revenue - Kisan Microfinance,LINE,MANGSIR_2082,388.21200000000005,
Transactional Revenue,POS Txn Revenue for issuing Txn in Nepal (UPI Network),LINE,MANGSIR_2082,60725.4700799999,
Subscription Fee,AMC Hardware,LINE,MANGSIR_2082,2383.5616438356165,
Subscription Fee,Monthly Subscription Fee,LINE,MANGSIR_2082,995166.6699999999,
Subscription Fee,Annual Subscription Fee (Excess of PY Issued Bill),LINE,MANGSIR_2082,158923.22014277443,
Subscription Fee,Member Connectivity Fee,LINE,MANGSIR_2082,68500.0,
Subscription Fee,UPI Connectivity Fee,LINE,MANGSIR_2082,16792.034999999993,
Other Expenses,Audit Expenses,LINE,MANGSIR_2082,2249.0,
Other Expenses,Cleaning Expenses,LINE,MANGSIR_2082,8182.64,
Other Expenses,Electric Expenses,LINE,MANGSIR_2082,20800.0,
Other Expenses,Office Expenses,LINE,MANGSIR_2082,22309.0,
Other Expenses,Registration and Renewal,LINE,MANGSIR_2082,6420.0,
Other Expenses,Membership Fee Expenses - Fintech Alliance,LINE,MANGSIR_2082,4166.666666666667,
Other Expenses,Membership Fee Expenses - PCI SSC,LINE,MANGSIR_2082,19400.579424083768,
Other Expenses,Water Expenses,LINE,MANGSIR_2082,6200.0,
Other Expenses,Guest Refreshment,LINE,MANGSIR_2082,0.0,
Other Expenses,Certification Expenses,LINE,MANGSIR_2082,0.0,
Other Expenses,Vehicle Tax,LINE,MANGSIR_2082,36634.0,
Other Expenses,Miscellaneous Expenses,LINE,MANGSIR_2082,4.099999999999992,
Other Expenses,Postage and Courier,LINE,MANGSIR_2082,0.0,
"Staff Expenses (Salary, Allowances, Provident Fund and Gratuity)",Mesh Allowance,LINE,MANGSIR_2082,24800.0,
"Staff Expenses (Salary, Allowances, Provident Fund and Gratuity)",Dearness Allowance,LINE,MANGSIR_2082,123272.07,
"Staff Expenses (Salary, Allowances, Provident Fund and Gratuity)",Dashain Allowance,LINE,MANGSIR_2082,0.0,
"Staff Expenses (Salary, Allowances, Provident Fund and Gratuity)",Communication Allowance,LINE,MANGSIR_2082,11000.0,
"Staff Expenses (Salary, Allowances, Provident Fund and Gratuity)",Other Allowance,LINE,MANGSIR_2082,789829.31,
"Staff Expenses (Salary, Allowances, Provident Fund and Gratuity)",Performance Allowance,LINE,MANGSIR_2082,96033.0,
"Staff Expenses (Salary, Allowances, Provident Fund and Gratuity)",CEO Performance Bonus,LINE,MANGSIR_2082,0.0,
"Staff Expenses (Salary, Allowances, Provident Fund and Gratuity)",Technical Allowance,LINE,MANGSIR_2082,68000.0,
"Staff Expenses (Salary, Allowances, Provident Fund and Gratuity)",Gratuity Expenses,LINE,MANGSIR_2082,197140.67,
"Staff Expenses (Salary, Allowances, Provident Fund and Gratuity)",PF Contribution,LINE,MANGSIR_2082,236663.48,
"Staff Expenses (Salary, Allowances, Provident Fund and Gratuity)",Third Party Hiring - Staffs,LINE,MANGSIR_2082,89901.0,
"Staff Expenses (Salary, Allowances, Provident Fund and Gratuity)",Third Party Hiring - Outsourced for Project,LINE,MANGSIR_2082,0.0,
"Staff Expenses (Salary, Allowances, Provident Fund and Gratuity)",Leave Fare Allownace,LINE,MANGSIR_2082,0.0,
"Staff Expenses (Salary, Allowances, Provident Fund and Gratuity)",Stipend,LINE,MANGSIR_2082,46218.39,
"Staff Expenses (Salary, Allowances, Provident Fund and Gratuity)",Others,LINE,MANGSIR_2082,1500.0,
"Staff Expenses (Salary, Allowances, Provident Fund and Gratuity)",Salary,LINE,MANGSIR_2082,2366634.67,
Repair and Maintenance,R/M Computer,LINE,MANGSIR_2082,1500.0,
Repair and Maintenance,R/M UPS,LINE,MANGSIR_2082,3050.0,
Repair and Maintenance,R/M Office,LINE,MANGSIR_2082,-3400.0,
Repair and Maintenance,R/M Furniture & Fixture,LINE,MANGSIR_2082,0.0,
Repair and Maintenance,R/M  Generator,LINE,MANGSIR_2082,9540.0,
Repair and Maintenance,R/M Vehicle,LINE,MANGSIR_2082,0.0,
Repair and Maintenance,R/M Printer,LINE,MANGSIR_2082,4150.0,
Repair and Maintenance,R/M Card Embossing Machine,LINE,MANGSIR_2082,0.0,
Business Promotion Expenses,Diary with Logo Print and Pen Set,LINE,MANGSIR_2082,0.0,
Business Promotion Expenses,Test QR Soundbox import cost,LINE,MANGSIR_2082,0.0,
Business Promotion Expenses,"Ring Light, MIC and Gimbal",LINE,MANGSIR_2082,0.0,
Business Promotion Expenses,Photo Cake for Anniversary,LINE,MANGSIR_2082,0.0,
Business Promotion Expenses,Anniversary Lunch Expenses,LINE,MANGSIR_2082,0.0,
Business Promotion Expenses,Others,LINE,MANGSIR_2082,52703.979999999996,
Business Promotion Expenses,"Ball Pen, Key Ring and Cup",LINE,MANGSIR_2082,0.0,
Business Promotion Expenses,"Radio Advertisement Loose Ad, 60 Sec (Bhadra 18 to Ashoj 20 2082)",LINE,MANGSIR_2082,237600.0,
Business Promotion Expenses,Labim Mall Parking,LINE,MANGSIR_2082,0.0,
Business Promotion Expenses,QR Board,LINE,MANGSIR_2082,0.0,
Business Promotion Expenses,Ticket at ICT Award,LINE,MANGSIR_2082,0.0,
Business Promotion Expenses,Rent Cost of Claw Machine,LINE,MANGSIR_2082,0.0,
Business Promotion Expenses,Fintech Expo 2026 Participation Cost,LINE,MANGSIR_2082,0.0,
Business Promotion Expenses,Campaign Cost,LINE,MANGSIR_2082,1676069.37,
Printing and Stationery,Other Printing Materials,LINE,MANGSIR_2082,16810.0,
Printing and Stationery,Purchase of Indent Ribbon,LINE,MANGSIR_2082,0.0,
Printing and Stationery,Less: Stock of Ribbon,LINE,MANGSIR_2082,41666.66666666667,
AMC - Others,Generator,LINE,MANGSIR_2082,635.6164383561644,
AMC - Others,Security Operation Center,LINE,MANGSIR_2082,67391.303,
AMC - Others,AMC-Support of Cisco Catalyst Switches.,LINE,MANGSIR_2082,0.0,
AMC - Others,Fortigate Firewall Rental Charges,LINE,MANGSIR_2082,0.0,
One Timing Joing Fee,Close Loop Card -Kisan Bahuudeshya,LINE,MANGSIR_2082,0.0,
One Timing Joing Fee,Implementation Fee - Salapa Bikas Bank,LINE,MANGSIR_2082,0.0,
One Timing Joing Fee,Bin Registration Fee - Salapa Bikas Bank,LINE,MANGSIR_2082,0.0,
One Timing Joing Fee,Implementation Fee - Shangri-La Development Bank,LINE,MANGSIR_2082,0.0,
One Timing Joing Fee,Bin Registration Fee - Shangri-La Development Bank,LINE,MANGSIR_2082,0.0,
One Timing Joing Fee,Implementation Fee - Royal SACCOS,LINE,MANGSIR_2082,0.0,
One Timing Joing Fee,Bin Registration Fee - Royal SACCOS,LINE,MANGSIR_2082,0.0,
One Timing Joing Fee,Cooperative Risk Control Fee  - Royal SACCOS,LINE,MANGSIR_2082,0.0,
ACS Services,Implementation Fee (ACS Service) - Global IME Bank,LINE,MANGSIR_2082,0.0,
ACS Services,Monthly Fee - ACS Services - Global IME Bank,LINE,MANGSIR_2082,55000.0,
ACS Services,Implementation Fee (ACS Service) - Next Services,LINE,MANGSIR_2082,0.0,
ACS Services,Monthly Fee - ACS Services - Next Services,LINE,MANGSIR_2082,55000.0,
Other Income,Discount on Advance House Rent Tax payment,LINE,MANGSIR_2082,1.460000000000008,
Other Income,Miscellaneous Income,LINE,MANGSIR_2082,30000.0,
Other Income,Other Income,LINE,MANGSIR_2082,65660.40000000002,
Other Income,Green PIN Fee,LINE,MANGSIR_2082,65660.40000000002,
Other Income,License Fee - API Suite - Global IME Bank,LINE,MANGSIR_2082,0.0,
Transactional Revenue,ATM Fin & Non-Fin Revenue for Issuing Txn in Nepal (OFF US UPI Network),LINE,POUSH_2082,69014.43813630356,
Transactional Revenue,ATM Fin Txn Revenue for issuing Txn in Nepal (Off US Inside SCT Network),LINE,POUSH_2082,144947.18938053097,
Transactional Revenue,ATM Fin Txn Revenue for issuing Txn in Nepal (On US Inside SCT Network),LINE,POUSH_2082,313326.37522123894,
Transactional Revenue,ATM Non-Fin Txn Revenue for issuing Txn in Nepal (Off US Inside SCT Network),LINE,POUSH_2082,10277.85132743363,
Transactional Revenue,ATM Non-Fin Txn Revenue for issuing Txn in Nepal (On US Inside SCT Network),LINE,POUSH_2082,24757.74389380531,
Transactional Revenue,ATM Fin & Non-Fin Revenue for Issuing Txn in India (UPI Network),LINE,POUSH_2082,8922.155109026535,
Transactional Revenue,ATM Transaction Revenue from Aquiring Txn (UPI),LINE,POUSH_2082,117473.80137566372,
Transactional Revenue,POS Txn Revenue for issuing Txn in India (UPI Network),LINE,POUSH_2082,12635.728541415927,
Transactional Revenue,POS Txn Revenue for acquiring Txn (UPI),LINE,POUSH_2082,-357610.88443911506,
Transactional Revenue,POS Txn Revenue - Global,LINE,POUSH_2082,232904.2966283185,
Transactional Revenue,POS Txn Revenue - Prabhu Bank,LINE,POUSH_2082,1053.1034513274335,
Transactional Revenue,POS Txn Revenue - RBB,LINE,POUSH_2082,2030.651486725661,
Transactional Revenue,POS Txn Revenue - Kisan Microfinance,LINE,POUSH_2082,384.32782300884946,
Transactional Revenue,POS Txn Revenue for issuing Txn in Nepal (UPI Network),LINE,POUSH_2082,45785.51490761078,
Subscription Fee,AMC Hardware,LINE,POUSH_2082,2465.753424657534,
Subscription Fee,Monthly Subscription Fee,LINE,POUSH_2082,981198.6699999999,
Subscription Fee,Annual Subscription Fee (Excess of PY Issued Bill),LINE,POUSH_2082,155698.63013698632,
Subscription Fee,Member Connectivity Fee,LINE,POUSH_2082,68500.0,
Subscription Fee,UPI Connectivity Fee,LINE,POUSH_2082,16792.034999999993,
Other Expenses,Audit Expenses,LINE,POUSH_2082,0.0,
Other Expenses,Cleaning Expenses,LINE,POUSH_2082,4480.360000000001,
Other Expenses,Electric Expenses,LINE,POUSH_2082,3097.3399999999965,
Other Expenses,Office Expenses,LINE,POUSH_2082,13641.489999999998,
Other Expenses,Registration and Renewal,LINE,POUSH_2082,0.0,
Other Expenses,Membership Fee Expenses - Fintech Alliance,LINE,POUSH_2082,4166.666666666667,
Other Expenses,Membership Fee Expenses - PCI SSC,LINE,POUSH_2082,20069.564921465968,
Other Expenses,Water Expenses,LINE,POUSH_2082,0.0,
Other Expenses,Guest Refreshment,LINE,POUSH_2082,0.0,
Other Expenses,Certification Expenses,LINE,POUSH_2082,30000.0,
Other Expenses,Vehicle Tax,LINE,POUSH_2082,0.0,
Other Expenses,Miscellaneous Expenses,LINE,POUSH_2082,0.0,
Other Expenses,Postage and Courier,LINE,POUSH_2082,15650.0,
"Staff Expenses (Salary, Allowances, Provident Fund and Gratuity)",Mesh Allowance,LINE,POUSH_2082,23600.0,
"Staff Expenses (Salary, Allowances, Provident Fund and Gratuity)",Dearness Allowance,LINE,POUSH_2082,122130.0,
"Staff Expenses (Salary, Allowances, Provident Fund and Gratuity)",Dashain Allowance,LINE,POUSH_2082,0.0,
"Staff Expenses (Salary, Allowances, Provident Fund and Gratuity)",Communication Allowance,LINE,POUSH_2082,11000.0,
"Staff Expenses (Salary, Allowances, Provident Fund and Gratuity)",Other Allowance,LINE,POUSH_2082,808450.0,
"Staff Expenses (Salary, Allowances, Provident Fund and Gratuity)",Performance Allowance,LINE,POUSH_2082,96033.0,
"Staff Expenses (Salary, Allowances, Provident Fund and Gratuity)",CEO Performance Bonus,LINE,POUSH_2082,0.0,
"Staff Expenses (Salary, Allowances, Provident Fund and Gratuity)",Technical Allowance,LINE,POUSH_2082,68000.0,
"Staff Expenses (Salary, Allowances, Provident Fund and Gratuity)",Gratuity Expenses,LINE,POUSH_2082,198851.25,
"Staff Expenses (Salary, Allowances, Provident Fund and Gratuity)",PF Contribution,LINE,POUSH_2082,238716.99,
"Staff Expenses (Salary, Allowances, Provident Fund and Gratuity)",Third Party Hiring - Staffs,LINE,POUSH_2082,92169.0,
"Staff Expenses (Salary, Allowances, Provident Fund and Gratuity)",Third Party Hiring - Outsourced for Project,LINE,POUSH_2082,31500.0,
"Staff Expenses (Salary, Allowances, Provident Fund and Gratuity)",Leave Fare Allownace,LINE,POUSH_2082,62000.0,
"Staff Expenses (Salary, Allowances, Provident Fund and Gratuity)",Stipend,LINE,POUSH_2082,36988.51,
"Staff Expenses (Salary, Allowances, Provident Fund and Gratuity)",Others,LINE,POUSH_2082,3150.0,
"Staff Expenses (Salary, Allowances, Provident Fund and Gratuity)",Salary,LINE,POUSH_2082,2387169.81,
Repair and Maintenance,R/M Computer,LINE,POUSH_2082,0.0,
Repair and Maintenance,R/M UPS,LINE,POUSH_2082,0.0,
Repair and Maintenance,R/M Office,LINE,POUSH_2082,12500.0,
Repair and Maintenance,R/M Furniture & Fixture,LINE,POUSH_2082,0.0,
Repair and Maintenance,R/M  Generator,LINE,POUSH_2082,0.0,
Repair and Maintenance,R/M Vehicle,LINE,POUSH_2082,5850.0,
Repair and Maintenance,R/M Printer,LINE,POUSH_2082,10050.0,
Repair and Maintenance,R/M Card Embossing Machine,LINE,POUSH_2082,0.0,
Business Promotion Expenses,Diary with Logo Print and Pen Set,LINE,POUSH_2082,0.0,
Business Promotion Expenses,Test QR Soundbox import cost,LINE,POUSH_2082,0.0,
Business Promotion Expenses,"Ring Light, MIC and Gimbal",LINE,POUSH_2082,0.0,
Business Promotion Expenses,Photo Cake for Anniversary,LINE,POUSH_2082,0.0,
Business Promotion Expenses,Anniversary Lunch Expenses,LINE,POUSH_2082,0.0,
Business Promotion Expenses,Others,LINE,POUSH_2082,8790.2,
Business Promotion Expenses,"Ball Pen, Key Ring and Cup",LINE,POUSH_2082,41430.0,
Business Promotion Expenses,"Radio Advertisement Loose Ad, 60 Sec (Bhadra 18 to Ashoj 20 2082)",LINE,POUSH_2082,0.0,
Business Promotion Expenses,Labim Mall Parking,LINE,POUSH_2082,25000.0,
Business Promotion Expenses,QR Board,LINE,POUSH_2082,16000.0,
Business Promotion Expenses,Ticket at ICT Award,LINE,POUSH_2082,10619.47,
Business Promotion Expenses,Rent Cost of Claw Machine,LINE,POUSH_2082,20000.0,
Business Promotion Expenses,Fintech Expo 2026 Participation Cost,LINE,POUSH_2082,50000.0,
Business Promotion Expenses,Campaign Cost,LINE,POUSH_2082,102355.78,
Printing and Stationery,Other Printing Materials,LINE,POUSH_2082,70100.0,
Printing and Stationery,Less: Stock of Ribbon,LINE,POUSH_2082,0.0,
AMC - Others,Generator,LINE,POUSH_2082,657.5342465753424,
AMC - Others,Security Operation Center,LINE,POUSH_2082,61884.061666666654,
AMC - Others,AMC-Support of Cisco Catalyst Switches.,LINE,POUSH_2082,0.0,
AMC - Others,Fortigate Firewall Rental Charges,LINE,POUSH_2082,60000.0,
One Timing Joing Fee,Close Loop Card -Kisan Bahuudeshya,LINE,POUSH_2082,0.0,
One Timing Joing Fee,Implementation Fee - Salapa Bikas Bank,LINE,POUSH_2082,0.0,
One Timing Joing Fee,Bin Registration Fee - Salapa Bikas Bank,LINE,POUSH_2082,0.0,
One Timing Joing Fee,Implementation Fee - Shangri-La Development Bank,LINE,POUSH_2082,0.0,
One Timing Joing Fee,Bin Registration Fee - Shangri-La Development Bank,LINE,POUSH_2082,0.0,
One Timing Joing Fee,Implementation Fee - Royal SACCOS,LINE,POUSH_2082,0.0,
One Timing Joing Fee,Bin Registration Fee - Royal SACCOS,LINE,POUSH_2082,0.0,
One Timing Joing Fee,Cooperative Risk Control Fee  - Royal SACCOS,LINE,POUSH_2082,0.0,
ACS Services,Monthly Fee - ACS Services - Global IME Bank,LINE,POUSH_2082,55000.0,
ACS Services,Monthly Fee - ACS Services - Next Services,LINE,POUSH_2082,55000.0,
Other Income,Discount on Advance House Rent Tax payment,LINE,POUSH_2082,0.0,
Other Income,Miscellaneous Income,LINE,POUSH_2082,65000.0,
Other Income,Other Income,LINE,POUSH_2082,0.0,
Other Income,Green PIN Fee,LINE,POUSH_2082,60975.40000000002,
Other Income,License Fee - API Suite - Global IME Bank,LINE,POUSH_2082,0.0,
Transactional Revenue,ATM Fin & Non-Fin Revenue for Issuing Txn in Nepal (OFF US UPI Network),LINE,MAGH_2082,61445.93,
Transactional Revenue,ATM Fin Txn Revenue for issuing Txn in Nepal (Off US Inside SCT Network),LINE,MAGH_2082,139697.25,
Transactional Revenue,ATM Fin Txn Revenue for issuing Txn in Nepal (On US Inside SCT Network),LINE,MAGH_2082,244276.0,
Transactional Revenue,ATM Non-Fin Txn Revenue for issuing Txn in Nepal (Off US Inside SCT Network),LINE,MAGH_2082,8447.0,
Transactional Revenue,ATM Non-Fin Txn Revenue for issuing Txn in Nepal (On US Inside SCT Network),LINE,MAGH_2082,19248.0,
Transactional Revenue,ATM Fin & Non-Fin Revenue for Issuing Txn in India (UPI Network),LINE,MAGH_2082,6442.27,
Transactional Revenue,ATM Transaction Revenue from Aquiring Txn (UPI),LINE,MAGH_2082,158617.26,
Transactional Revenue,POS Txn Revenue for issuing Txn in India (UPI Network),LINE,MAGH_2082,9335.48,
Transactional Revenue,POS Txn Revenue for acquiring Txn (UPI),LINE,MAGH_2082,2880.63,
Transactional Revenue,POS Txn Revenue - Global,LINE,MAGH_2082,166732.74,
Transactional Revenue,POS Txn Revenue - Prabhu Bank,LINE,MAGH_2082,810.63,
Transactional Revenue,POS Txn Revenue - RBB,LINE,MAGH_2082,2113.23,
Transactional Revenue,POS Txn Revenue - Kisan Microfinance,LINE,MAGH_2082,303.52,
Transactional Revenue,POS Txn Revenue for issuing Txn in Nepal (UPI Network),LINE,MAGH_2082,38725.43,
Subscription Fee,AMC Hardware,LINE,MAGH_2082,2321.0,
Subscription Fee,Monthly Subscription Fee,LINE,MAGH_2082,738750.0,
Subscription Fee,Annual Subscription Fee (Excess of PY Issued Bill),LINE,MAGH_2082,152201.3664762427,
Subscription Fee,Member Connectivity Fee,LINE,MAGH_2082,10000.0,
Subscription Fee,UPI Connectivity Fee,LINE,MAGH_2082,5000.0,
Other Expenses,Cleaning Expenses,LINE,MAGH_2082,6940.15,
Other Expenses,Electric Expenses,LINE,MAGH_2082,44040.66,
Other Expenses,Office Expenses,LINE,MAGH_2082,59595.0,
Other Expenses,Registration and Renewal,LINE,MAGH_2082,4985.0,
Other Expenses,Miscellaneous Expenses,LINE,MAGH_2082,17.5,
"Staff Expenses (Salary, Allowances, Provident Fund and Gratuity)",Mesh Allowance,LINE,MAGH_2082,24400.0,
"Staff Expenses (Salary, Allowances, Provident Fund and Gratuity)",Dearness Allowance,LINE,MAGH_2082,121701.72,
"Staff Expenses (Salary, Allowances, Provident Fund and Gratuity)",Communication Allowance,LINE,MAGH_2082,11000.0,
"Staff Expenses (Salary, Allowances, Provident Fund and Gratuity)",Other Allowance,LINE,MAGH_2082,830863.79,
"Staff Expenses (Salary, Allowances, Provident Fund and Gratuity)",Performance Allowance,LINE,MAGH_2082,96033.0,
"Staff Expenses (Salary, Allowances, Provident Fund and Gratuity)",Technical Allowance,LINE,MAGH_2082,68000.0,
"Staff Expenses (Salary, Allowances, Provident Fund and Gratuity)",Gratuity Expenses,LINE,MAGH_2082,202128.25,
"Staff Expenses (Salary, Allowances, Provident Fund and Gratuity)",PF Contribution,LINE,MAGH_2082,242650.97,
"Staff Expenses (Salary, Allowances, Provident Fund and Gratuity)",Third Party Hiring - Staffs,LINE,MAGH_2082,88816.24,
"Staff Expenses (Salary, Allowances, Provident Fund and Gratuity)",Third Party Hiring - Outsourced for Project,LINE,MAGH_2082,0.0,
"Staff Expenses (Salary, Allowances, Provident Fund and Gratuity)",Leave Fare Allownace,LINE,MAGH_2082,144600.0,
"Staff Expenses (Salary, Allowances, Provident Fund and Gratuity)",Stipend,LINE,MAGH_2082,26551.72,
"Staff Expenses (Salary, Allowances, Provident Fund and Gratuity)",Others,LINE,MAGH_2082,4650.0,
"Staff Expenses (Salary, Allowances, Provident Fund and Gratuity)",Salary,LINE,MAGH_2082,2426509.57,
Repair and Maintenance,R/M Furniture & Fixture,LINE,MAGH_2082,2950.0,
Repair and Maintenance,R/M Printer,LINE,MAGH_2082,5200.0,
AMC - Others,Generator,LINE,MAGH_2082,657.5342465753424,
AMC - Others,Security Operation Center,LINE,MAGH_2082,64444.444444444445,
AMC - Others,Fortigate Firewall Rental Charges,LINE,MAGH_2082,20000.0,
ACS Services,Monthly Fee - ACS Services - Global IME Bank,LINE,MAGH_2082,55000.0,
ACS Services,Monthly Fee - ACS Services - Next Services,LINE,MAGH_2082,55000.0,
Other Income,Other Income,LINE,MAGH_2082,5037.5,
Other Income,Green PIN Fee,LINE,MAGH_2082,57690.0,
Transactional Revenue,ATM Fin & Non-Fin Revenue for Issuing Txn in Nepal (OFF US UPI Network),LINE,FALGUN_2082,50542.5,
Transactional Revenue,ATM Fin Txn Revenue for issuing Txn in Nepal (Off US Inside SCT Network),LINE,FALGUN_2082,115125.375,
Transactional Revenue,ATM Fin Txn Revenue for issuing Txn in Nepal (On US Inside SCT Network),LINE,FALGUN_2082,198366.0,
Transactional Revenue,ATM Non-Fin Txn Revenue for issuing Txn in Nepal (Off US Inside SCT Network),LINE,FALGUN_2082,6859.5,
Transactional Revenue,ATM Non-Fin Txn Revenue for issuing Txn in Nepal (On US Inside SCT Network),LINE,FALGUN_2082,14640.0,
Transactional Revenue,ATM Fin & Non-Fin Revenue for Issuing Txn in India (UPI Network),LINE,FALGUN_2082,6835.02,
Transactional Revenue,ATM Transaction Revenue from Aquiring Txn (UPI),LINE,FALGUN_2082,248690.055,
Transactional Revenue,POS Txn Revenue for issuing Txn in India (UPI Network),LINE,FALGUN_2082,6354.33,
Transactional Revenue,POS Txn Revenue for acquiring Txn (UPI),LINE,FALGUN_2082,4596.12,
Transactional Revenue,POS Txn Revenue - Global,LINE,FALGUN_2082,147975.03,
Transactional Revenue,POS Txn Revenue - Prabhu Bank,LINE,FALGUN_2082,180.84,
Transactional Revenue,POS Txn Revenue - RBB,LINE,FALGUN_2082,1087.56,
Transactional Revenue,POS Txn Revenue - Kisan Microfinance,LINE,FALGUN_2082,319.42499999999995,
Transactional Revenue,POS Txn Revenue for issuing Txn in Nepal (UPI Network),LINE,FALGUN_2082,37149.42,
Subscription Fee,AMC Hardware,LINE,FALGUN_2082,2432.0,
Subscription Fee,Monthly Subscription Fee,LINE,FALGUN_2082,921250.0,
Subscription Fee,Annual Subscription Fee (Excess of PY Issued Bill),LINE,FALGUN_2082,152310.0,
Subscription Fee,Member Connectivity Fee,LINE,FALGUN_2082,10000.0,
Subscription Fee,UPI Connectivity Fee,LINE,FALGUN_2082,40000.0,
Other Expenses,Cleaning Expenses,LINE,FALGUN_2082,7714.0,
"Staff Expenses (Salary, Allowances, Provident Fund and Gratuity)",Mesh Allowance,LINE,FALGUN_2082,24800.0,
"Staff Expenses (Salary, Allowances, Provident Fund and Gratuity)",Dearness Allowance,LINE,FALGUN_2082,121992.0,
"Staff Expenses (Salary, Allowances, Provident Fund and Gratuity)",Dashain Allowance,LINE,FALGUN_2082,152000.0,
"Staff Expenses (Salary, Allowances, Provident Fund and Gratuity)",Communication Allowance,LINE,FALGUN_2082,10000.0,
"Staff Expenses (Salary, Allowances, Provident Fund and Gratuity)",Other Allowance,LINE,FALGUN_2082,825090.0,
"Staff Expenses (Salary, Allowances, Provident Fund and Gratuity)",Performance Allowance,LINE,FALGUN_2082,86033.0,
"Staff Expenses (Salary, Allowances, Provident Fund and Gratuity)",Technical Allowance,LINE,FALGUN_2082,57200.0,
"Staff Expenses (Salary, Allowances, Provident Fund and Gratuity)",Gratuity Expenses,LINE,FALGUN_2082,192618.85,
"Staff Expenses (Salary, Allowances, Provident Fund and Gratuity)",PF Contribution,LINE,FALGUN_2082,231235.13,
"Staff Expenses (Salary, Allowances, Provident Fund and Gratuity)",Third Party Hiring - Staffs,LINE,FALGUN_2082,108549.0,
"Staff Expenses (Salary, Allowances, Provident Fund and Gratuity)",Leave Fare Allownace,LINE,FALGUN_2082,56280.0,
"Staff Expenses (Salary, Allowances, Provident Fund and Gratuity)",Stipend,LINE,FALGUN_2082,19287.35,
"Staff Expenses (Salary, Allowances, Provident Fund and Gratuity)",Salary,LINE,FALGUN_2082,2312351.13,
Repair and Maintenance,R/M Computer,LINE,FALGUN_2082,4424.0,
Repair and Maintenance,R/M Printer,LINE,FALGUN_2082,3900.0,
Business Promotion Expenses,Others,LINE,FALGUN_2082,1751.0,
Printing and Stationery,Other Printing Materials,LINE,FALGUN_2082,10160.0,
AMC - Others,Security Operation Center,LINE,FALGUN_2082,64445.0,
AMC - Others,Fortigate Firewall Rental Charges,LINE,FALGUN_2082,20000.0,
ACS Services,Monthly Fee - ACS Services - Global IME Bank,LINE,FALGUN_2082,55000.0,
ACS Services,Monthly Fee - ACS Services - Next Services,LINE,FALGUN_2082,55000.0,
Other Income,Green PIN Fee,LINE,FALGUN_2082,38385.0,
